{
    "openedPathsList": {
        "folders": [],
        "files": [
            "/root/class/src/github.com/itniraan/COMP3026/lab1_webserver/main.go"
        ]
    },
    "lastKnownKeybindings": {
        "workbench.action.files.newUntitledFile": "Ctrl+N",
        "workbench.action.files.openFile": "Ctrl+O",
        "workbench.files.action.reopenClosedFile": "Ctrl+Shift+T",
        "workbench.action.files.save": "Ctrl+S",
        "workbench.action.files.saveAs": "Ctrl+Shift+S",
        "workbench.action.newWindow": "Ctrl+Shift+N",
        "workbench.action.closeWindow": "Ctrl+Shift+W",
        "workbench.action.closeActiveEditor": "Ctrl+W",
        "undo": "Ctrl+Z",
        "redo": "Ctrl+Y",
        "editor.action.clipboardCutAction": "Ctrl+X",
        "editor.action.clipboardCopyAction": "Ctrl+C",
        "editor.action.clipboardPasteAction": "Ctrl+V",
        "editor.action.selectAll": "Ctrl+A",
        "actions.find": "Ctrl+F",
        "editor.action.startFindReplaceAction": "Ctrl+H",
        "workbench.view.search": "Ctrl+Shift+F",
        "workbench.view.explorer": "Ctrl+Shift+E",
        "workbench.view.git": "Ctrl+Shift+G",
        "workbench.view.debug": "Ctrl+Shift+D",
        "workbench.action.showCommands": "Ctrl+Shift+P",
        "workbench.action.showErrorsWarnings": "Ctrl+Shift+M",
        "workbench.action.output.toggleOutput": "Ctrl+Shift+H",
        "workbench.debug.action.toggleRepl": "Ctrl+Shift+Y",
        "workbench.action.toggleFullScreen": "F11",
        "workbench.action.splitEditor": "Ctrl+\\",
        "workbench.action.toggleSidebarVisibility": "Ctrl+B",
        "workbench.action.togglePanel": "Ctrl+J",
        "editor.action.toggleWordWrap": "Alt+Z",
        "workbench.action.zoomIn": "Ctrl+=",
        "workbench.action.zoomOut": "Ctrl+-",
        "workbench.action.navigateBack": "Ctrl+Alt+-",
        "workbench.action.navigateForward": "Ctrl+Shift+-",
        "workbench.action.openPreviousEditor": "Ctrl+Tab",
        "workbench.action.quickOpen": "Ctrl+P",
        "workbench.action.gotoSymbol": "Ctrl+Shift+O",
        "editor.action.goToDeclaration": "F12",
        "workbench.action.gotoLine": "Ctrl+G"
    },
    "windowsState": {
        "openedFolders": [],
        "lastActiveWindow": {
            "workspacePath": null,
            "uiState": {
                "mode": 1,
                "x": 471,
                "y": 151,
                "width": 1024,
                "height": 768
            }
        }
    }
}